variant,attack,intensity,mean,q05,auc,eer,semantic_ratio,coordinate_ratio,tar_at_far5,tar_at_far1
Base,object_delete,0.05,0.9129180908203125,0.832177734375,0.9948614211309523,0.03149801587301587,0.9187426570873319,0.9308666451982709,0.953125,0.953125
Base,object_delete,0.1,0.8782501220703125,0.742822265625,0.9851461743551587,0.06225198412698413,0.8292929046268586,0.8503485500148056,0.875,0.875
Base,object_delete,0.2,0.805877685546875,0.639306640625,0.9319816468253969,0.15203373015873017,0.6451507697493791,0.6779489781015271,0.578125,0.546875
Base,object_delete,0.3,0.7384033203125,0.515771484375,0.8595183841765873,0.19122023809523808,0.4303238855331095,0.4689029969566691,0.296875,0.25
Base,object_delete,0.4,0.7024993896484375,0.506982421875,0.7994481646825397,0.2632688492063492,0.31933665404631384,0.35295113061950534,0.15625,0.140625
Base,object_delete,0.5,0.6859130859375,0.4767578125,0.7694266183035714,0.2655009920634921,0.23832233894271973,0.27007997541883144,0.078125,0.078125
Base,object_delete,0.6,0.630340576171875,0.441357421875,0.6519368489583334,0.3792162698412699,0.16671210022937505,0.19886243869915815,0.03125,0.015625
Base,object_delete,0.7,0.6027069091796875,0.415478515625,0.5813995845734127,0.44072420634920634,0.1068232767304201,0.12729001113146612,0.015625,0.015625
Base,object_delete,0.8,0.45263671875,0.0,0.38520352802579366,0.5597718253968254,0.043130154965117365,0.060114025411386475,0.0,0.0
Base,building_delete,0.1,0.8982696533203125,0.6576660156249999,0.9747217571924603,0.09722222222222222,0.8736052582757571,0.8740789744577266,0.859375,0.859375
Base,building_delete,0.2,0.83251953125,0.6311523437500001,0.9546712239583334,0.12103174603174603,0.7384664096254107,0.7416370629509254,0.625,0.578125
Base,building_delete,0.4,0.781707763671875,0.58720703125,0.9106987847222222,0.17175099206349206,0.6200193376820656,0.6248562708553731,0.5,0.4375
Base,building_delete,0.6,0.67938232421875,0.458251953125,0.7364327566964286,0.3132440476190476,0.3715438538002049,0.3866924749646607,0.15625,0.125
Base,building_delete,0.8,0.62762451171875,0.44091796875,0.6284450954861112,0.3947172619047619,0.24020551922458416,0.24990009455644877,0.0,0.0
Base,surface_delete,0.1,0.910125732421875,0.83984375,0.9983181423611112,0.015749007936507936,0.913213684290898,0.9235543232796427,0.984375,0.984375
Base,surface_delete,0.2,0.8661956787109375,0.751513671875,0.9897538442460317,0.062003968253968256,0.820156847567799,0.843683421799713,0.90625,0.859375
Base,surface_delete,0.4,0.8017578125,0.67314453125,0.9540356832837301,0.12276785714285715,0.6394001175014663,0.7053756212499798,0.5,0.484375
Base,surface_delete,0.6,0.742828369140625,0.57705078125,0.8825799851190477,0.1840277777777778,0.4649232145596585,0.5630364854380938,0.234375,0.21875
Base,surface_delete,0.8,0.655426025390625,0.524853515625,0.7283257378472222,0.31547619047619047,0.28416648449332577,0.40911048200871836,0.03125,0.015625
Base,attribute_delete,0.1,0.997711181640625,0.995263671875,1.0,0.0,1.0,1.0,1.0,1.0
Base,attribute_delete,0.2,0.9955291748046875,0.9912109375,1.0,0.0,1.0,1.0,1.0,1.0
Base,attribute_delete,0.4,0.989837646484375,0.982421875,1.0,0.0,1.0,1.0,1.0,1.0
Base,attribute_delete,0.6,0.9820404052734375,0.966943359375,1.0,0.0,1.0,1.0,1.0,1.0
Base,attribute_delete,0.8,0.968658447265625,0.9443359375,1.0,0.0,1.0,1.0,1.0,1.0
Base,quantization,0.001,0.95465087890625,0.9146484375,0.9999844990079365,0.000248015873015873,1.0,1.0,1.0,1.0
Base,quantization,0.005,0.9453125,0.900830078125,1.0,0.0,1.0,1.0,1.0,1.0
Base,quantization,0.01,0.940032958984375,0.897216796875,0.9996744791666666,0.015749007936507936,1.0,1.0,0.984375,0.984375
Base,quantization,0.02,0.92279052734375,0.8474609375000001,0.998779296875,0.015749007936507936,1.0,1.0,0.984375,0.984375
Base,quantization,0.05,0.8978271484375,0.801708984375,0.9967564174107143,0.033234126984126984,1.0,1.0,0.9375,0.9375
Base,rotation_z,30.0,1.0,1.0,1.0,0.0,1.0,1.0,1.0,1.0
Base,rotation_z,60.0,1.0,1.0,1.0,0.0,1.0,1.0,1.0,1.0
Base,rotation_z,90.0,1.0,1.0,1.0,0.0,1.0,1.0,1.0,1.0
Base,rotation_z,120.0,1.0,1.0,1.0,0.0,1.0,1.0,1.0,1.0
Base,rotation_z,180.0,1.0,1.0,1.0,0.0,1.0,1.0,1.0,1.0
Base,coordinate_noise,0.0001,0.958953857421875,0.9171874999999999,1.0,0.0,1.0,1.0,1.0,1.0
Base,coordinate_noise,0.0005,0.9555206298828125,0.910888671875,1.0,0.0,1.0,1.0,1.0,1.0
Base,coordinate_noise,0.001,0.9508056640625,0.9065429687500001,0.9999844990079365,0.000496031746031746,1.0,1.0,1.0,1.0
Base,coordinate_noise,0.002,0.941131591796875,0.890625,0.9999224950396826,0.000496031746031746,1.0,1.0,1.0,1.0
Base,coordinate_noise,0.005,0.9168853759765625,0.851171875,0.9990505642361112,0.015749007936507936,1.0,1.0,0.984375,0.984375
Base,sequential,0.1,0.887237548828125,0.7974609374999999,0.9937802269345238,0.03125,0.8595719370440625,0.8735579788049099,0.875,0.859375
Base,sequential,0.2,0.828125,0.6534667968750001,0.9565817212301587,0.09077380952380952,0.6770900790036187,0.7096686429225971,0.671875,0.625
Base,sequential,0.4,0.7261810302734375,0.49467773437500007,0.8321436321924603,0.23449900793650794,0.42604288607190294,0.4688520327609714,0.25,0.234375
Base,sequential,0.6,0.6485748291015625,0.47353515625,0.6896391369047619,0.375,0.21145181873709806,0.26267904171267153,0.046875,0.03125
Base,lod2_to_lod1,1.0,0.5541229248046875,0.395166015625,0.429230220734127,0.5654761904761905,0.10432333206112482,0.3528480015553056,0.0,0.0
Base,hierarchy_flatten,0.2,0.8851776123046875,0.779736328125,0.9933539496527778,0.04303075396825397,0.820156847567799,0.9218417108998564,0.921875,0.90625
Base,hierarchy_flatten,0.4,0.8325347900390625,0.72255859375,0.9805501302083334,0.07775297619047619,0.6394001175014663,0.8526878106249899,0.6875,0.6875
Base,hierarchy_flatten,0.6,0.7865142822265625,0.66923828125,0.9440452938988095,0.13653273809523808,0.4649232145596585,0.7815182427190469,0.453125,0.4375
Base,hierarchy_flatten,0.8,0.7114410400390625,0.5735351562500001,0.8430524553571429,0.2222222222222222,0.28416648449332577,0.7045552410043592,0.109375,0.078125
Base,hierarchy_flatten,1.0,0.5725555419921875,0.40444335937500003,0.4850802951388889,0.5034722222222222,0.10432333206112482,0.6240324313823493,0.0,0.0
Base,relation_delete,0.2,0.8948974609375,0.81533203125,0.9971594432043651,0.03125,0.820156847567799,0.9247790880487524,0.953125,0.9375
Base,relation_delete,0.4,0.8462677001953125,0.765673828125,0.9866536458333334,0.046999007936507936,0.6394001175014663,0.8465056205414287,0.734375,0.703125
Base,relation_delete,0.6,0.794830322265625,0.692431640625,0.9559733072916666,0.12251984126984128,0.4649232145596585,0.7796473833961342,0.46875,0.4375
Base,relation_delete,0.8,0.716583251953125,0.5791015625,0.8436221168154762,0.23449900793650794,0.28416648449332577,0.6991408307007169,0.15625,0.109375
Base,relation_delete,1.0,0.5725555419921875,0.40444335937500003,0.4850802951388889,0.5034722222222222,0.10432333206112482,0.6240324313823493,0.0,0.0
Base,semantic_relabel,0.1,0.84429931640625,0.726220703125,0.9734700520833334,0.07700892857142858,1.0,1.0,0.671875,0.65625
Base,semantic_relabel,0.2,0.7987518310546875,0.6634277343749999,0.9473198784722222,0.14050099206349206,1.0,1.0,0.5,0.46875
Base,semantic_relabel,0.4,0.7500762939453125,0.609521484375,0.8878464471726191,0.2027529761904762,1.0,1.0,0.296875,0.265625
Base,semantic_relabel,0.6,0.7173004150390625,0.547705078125,0.8362668960813492,0.23251488095238096,1.0,1.0,0.21875,0.203125
Base,semantic_relabel,0.8,0.6934661865234375,0.528955078125,0.7893996465773809,0.29625496031746035,1.0,1.0,0.203125,0.15625
Base,spatial_crop,0.1,0.8956298828125,0.715625,0.9850337921626984,0.06225198412698413,0.8662131104953742,0.8760291053938052,0.921875,0.90625
Base,spatial_crop,0.2,0.8396148681640625,0.6504394531250001,0.9573257688492064,0.10701884920634921,0.7483020882274379,0.7562618214454362,0.703125,0.6875
Base,spatial_crop,0.4,0.7745208740234375,0.5637695312500001,0.8934035528273809,0.1762152777777778,0.628249458773541,0.6360402589422275,0.46875,0.4375
Base,spatial_crop,0.6,0.7000732421875,0.481640625,0.7801184275793651,0.2957589285714286,0.37946461693197847,0.3928530803880419,0.203125,0.171875
Base,spatial_crop,0.8,0.6588592529296875,0.468896484375,0.7085115947420635,0.34375,0.25745211516345107,0.27343028645661027,0.0625,0.03125
Base,building_add,0.1,0.6047821044921875,0.40224609375,0.5405970982142857,0.4835069444444444,1.112753954620896,1.1092552110722274,0.078125,0.078125
Base,building_add,0.2,0.4696807861328125,0.357861328125,0.19020879836309523,0.7347470238095238,1.235146569154337,1.2428552629054674,0.03125,0.03125
Base,building_add,0.4,0.4399871826171875,0.331494140625,0.13485863095238096,0.8218005952380952,1.3529594738454802,1.359155305628676,0.0,0.0
Base,building_add,0.6,0.42510986328125,0.328857421875,0.11303323412698413,0.7837301587301587,1.602744880364446,1.6127284781324402,0.0,0.0
Base,building_add,0.8,0.4209136962890625,0.33203125,0.1058989025297619,0.8120039682539683,1.7384664096254105,1.7416370629509252,0.0,0.0
Base,id_rename,1.0,1.0,1.0,1.0,0.0,1.0,1.0,1.0,1.0
Base,object_reorder,1.0,1.0,1.0,1.0,0.0,1.0,1.0,1.0,1.0
Base,coordinate_unit,0.001,1.0,1.0,1.0,0.0,1.0,1.0,1.0,1.0
Base,coordinate_unit,1000.0,1.0,1.0,1.0,0.0,1.0,1.0,1.0,1.0
Base,cityjson_roundtrip,1.0,0.7034454345703125,0.461279296875,0.7521391369047619,0.3289930555555556,2.9233608419256907,0.7519351372353013,0.28125,0.234375
Separation,object_delete,0.05,0.90997314453125,0.790283203125,0.9914163256448413,0.03447420634920635,0.9187426570873319,0.9308666451982709,0.9375,0.9375
Separation,object_delete,0.1,0.873870849609375,0.740869140625,0.9794960627480159,0.06225198412698413,0.8292929046268586,0.8503485500148056,0.875,0.796875
Separation,object_delete,0.2,0.81134033203125,0.58662109375,0.9266531808035714,0.1134672619047619,0.6451507697493791,0.6779489781015271,0.671875,0.59375
Separation,object_delete,0.3,0.7272186279296875,0.49868164062500003,0.846435546875,0.1987847222222222,0.4303238855331095,0.4689029969566691,0.3125,0.1875
Separation,object_delete,0.4,0.6977386474609375,0.48173828125,0.7974795386904762,0.2340029761904762,0.31933665404631384,0.35295113061950534,0.203125,0.109375
Separation,object_delete,0.5,0.6810455322265625,0.44990234375,0.7797309027777778,0.23821924603174605,0.23832233894271973,0.27007997541883144,0.109375,0.046875
Separation,object_delete,0.6,0.642791748046875,0.454833984375,0.6959402901785714,0.3115079365079365,0.16671210022937505,0.19886243869915815,0.03125,0.015625
Separation,object_delete,0.7,0.5915374755859375,0.41171875,0.5496264260912699,0.45250496031746035,0.1068232767304201,0.12729001113146612,0.0,0.0
Separation,object_delete,0.8,0.442352294921875,0.0,0.33903382316468256,0.6245039682539683,0.043130154965117365,0.060114025411386475,0.0,0.0
Separation,building_delete,0.1,0.8886871337890625,0.648974609375,0.9669751364087301,0.09449404761904762,0.8736052582757571,0.8740789744577266,0.859375,0.859375
Separation,building_delete,0.2,0.8222503662109375,0.6099609375,0.9385928199404762,0.1409970238095238,0.7384664096254107,0.7416370629509254,0.671875,0.625
Separation,building_delete,0.4,0.76849365234375,0.573974609375,0.8978252108134921,0.17100694444444445,0.6200193376820656,0.6248562708553731,0.5,0.4375
Separation,building_delete,0.6,0.675872802734375,0.459130859375,0.7415519593253969,0.2977430555555556,0.3715438538002049,0.3866924749646607,0.203125,0.15625
Separation,building_delete,0.8,0.6280059814453125,0.459130859375,0.6461937313988095,0.35999503968253965,0.24020551922458416,0.24990009455644877,0.03125,0.015625
Separation,surface_delete,0.1,0.9100799560546875,0.853271484375,0.9973493303571429,0.019469246031746032,0.913213684290898,0.9235543232796427,0.984375,0.96875
Separation,surface_delete,0.2,0.858917236328125,0.7642578125,0.9844951326884921,0.047991071428571425,0.820156847567799,0.843683421799713,0.859375,0.78125
Separation,surface_delete,0.4,0.7997589111328125,0.64326171875,0.9545510912698413,0.10627480158730158,0.6394001175014663,0.7053756212499798,0.59375,0.515625
Separation,surface_delete,0.6,0.7354888916015625,0.602978515625,0.8991117931547619,0.17447916666666669,0.4649232145596585,0.5630364854380938,0.21875,0.15625
Separation,surface_delete,0.8,0.6465606689453125,0.531982421875,0.7269849020337301,0.3250248015873016,0.28416648449332577,0.40911048200871836,0.015625,0.0
Separation,attribute_delete,0.1,0.997589111328125,0.994140625,1.0,0.0,1.0,1.0,1.0,1.0
Separation,attribute_delete,0.2,0.9946136474609375,0.989404296875,1.0,0.0,1.0,1.0,1.0,1.0
Separation,attribute_delete,0.4,0.988555908203125,0.979638671875,1.0,0.0,1.0,1.0,1.0,1.0
Separation,attribute_delete,0.6,0.97998046875,0.9641601562500001,1.0,0.0,1.0,1.0,1.0,1.0
Separation,attribute_delete,0.8,0.9660797119140625,0.936572265625,1.0,0.0,1.0,1.0,1.0,1.0
Separation,quantization,0.001,0.9472198486328125,0.908349609375,0.9999922495039683,0.000496031746031746,1.0,1.0,1.0,1.0
Separation,quantization,0.005,0.94146728515625,0.894140625,1.0,0.0,1.0,1.0,1.0,1.0
Separation,quantization,0.01,0.9298095703125,0.87587890625,0.9998682415674603,0.001488095238095238,1.0,1.0,1.0,1.0
Separation,quantization,0.02,0.9160919189453125,0.8515625,0.9993954613095238,0.014260912698412698,1.0,1.0,1.0,1.0
Separation,quantization,0.05,0.886505126953125,0.79130859375,0.9956170944940477,0.023685515873015872,1.0,1.0,0.921875,0.90625
Separation,rotation_z,30.0,1.0,1.0,1.0,0.0,1.0,1.0,1.0,1.0
Separation,rotation_z,60.0,1.0,1.0,1.0,0.0,1.0,1.0,1.0,1.0
Separation,rotation_z,90.0,1.0,1.0,1.0,0.0,1.0,1.0,1.0,1.0
Separation,rotation_z,120.0,1.0,1.0,1.0,0.0,1.0,1.0,1.0,1.0
Separation,rotation_z,180.0,1.0,1.0,1.0,0.0,1.0,1.0,1.0,1.0
Separation,coordinate_noise,0.0001,0.9612884521484375,0.928466796875,1.0,0.0,1.0,1.0,1.0,1.0
Separation,coordinate_noise,0.0005,0.9571990966796875,0.919287109375,1.0,0.0,1.0,1.0,1.0,1.0
Separation,coordinate_noise,0.001,0.952178955078125,0.912255859375,0.9999806237599206,0.000744047619047619,1.0,1.0,1.0,1.0
Separation,coordinate_noise,0.002,0.9440460205078125,0.893310546875,0.9999612475198413,0.000744047619047619,1.0,1.0,1.0,1.0
Separation,coordinate_noise,0.005,0.9146575927734375,0.8271484375,0.998229011656746,0.017485119047619048,1.0,1.0,0.984375,0.953125
Separation,sequential,0.1,0.87896728515625,0.79345703125,0.9899747333829365,0.046999007936507936,0.8595719370440625,0.8735579788049099,0.9375,0.9375
Separation,sequential,0.2,0.8250274658203125,0.705029296875,0.962615482390873,0.08172123015873016,0.6770900790036187,0.7096686429225971,0.703125,0.609375
Separation,sequential,0.4,0.727508544921875,0.47436523437500006,0.8423897879464286,0.20324900793650794,0.42604288607190294,0.4688520327609714,0.265625,0.171875
Separation,sequential,0.6,0.6494293212890625,0.46962890625,0.6962309337797619,0.34672619047619047,0.21145181873709806,0.26267904171267153,0.046875,0.03125
Separation,lod2_to_lod1,1.0,0.5204315185546875,0.41240234375,0.31130254836309523,0.6412450396825398,0.10432333206112482,0.3528480015553056,0.0,0.0
Separation,hierarchy_flatten,0.2,0.879425048828125,0.76953125,0.9918658544146826,0.046999007936507936,0.820156847567799,0.9218417108998564,0.90625,0.859375
Separation,hierarchy_flatten,0.4,0.8232421875,0.71923828125,0.9751402839781746,0.0767609126984127,0.6394001175014663,0.8526878106249899,0.671875,0.65625
Separation,hierarchy_flatten,0.6,0.7680206298828125,0.636474609375,0.9341634114583334,0.1409970238095238,0.4649232145596585,0.7815182427190469,0.375,0.265625
Separation,hierarchy_flatten,0.8,0.6798553466796875,0.5740234375,0.8158210875496031,0.25024801587301587,0.28416648449332577,0.7045552410043592,0.0625,0.03125
Separation,hierarchy_flatten,1.0,0.5335540771484375,0.421826171875,0.3489777095734127,0.6365327380952381,0.10432333206112482,0.6240324313823493,0.0,0.0
Separation,relation_delete,0.2,0.8860015869140625,0.784521484375,0.9936639694940477,0.046999007936507936,0.820156847567799,0.9247790880487524,0.921875,0.921875
Separation,relation_delete,0.4,0.83111572265625,0.717236328125,0.9774499317956349,0.07800099206349206,0.6394001175014663,0.8465056205414287,0.703125,0.640625
Separation,relation_delete,0.6,0.772064208984375,0.65673828125,0.9434485057043651,0.12177579365079365,0.4649232145596585,0.7796473833961342,0.375,0.265625
Separation,relation_delete,0.8,0.68316650390625,0.542578125,0.7970338851686508,0.26500496031746035,0.28416648449332577,0.6991408307007169,0.09375,0.046875
Separation,relation_delete,1.0,0.5335540771484375,0.421826171875,0.3489777095734127,0.6365327380952381,0.10432333206112482,0.6240324313823493,0.0,0.0
Separation,semantic_relabel,0.1,0.8538665771484375,0.735302734375,0.9837588355654762,0.06225198412698413,1.0,1.0,0.78125,0.703125
Separation,semantic_relabel,0.2,0.8084564208984375,0.681005859375,0.9644484747023809,0.09449404761904762,1.0,1.0,0.59375,0.5
Separation,semantic_relabel,0.4,0.7527313232421875,0.639794921875,0.9115707155257936,0.1685267857142857,1.0,1.0,0.359375,0.296875
Separation,semantic_relabel,0.6,0.709930419921875,0.57548828125,0.8429478236607143,0.25024801587301587,1.0,1.0,0.21875,0.171875
Separation,semantic_relabel,0.8,0.6715087890625,0.53115234375,0.7440088665674603,0.34375,1.0,1.0,0.203125,0.125
Separation,spatial_crop,0.1,0.888153076171875,0.6977539062500001,0.9744698660714286,0.06225198412698413,0.8662131104953742,0.8760291053938052,0.875,0.859375
Separation,spatial_crop,0.2,0.83270263671875,0.64052734375,0.9538302951388888,0.12475198412698413,0.7483020882274379,0.7562618214454362,0.75,0.703125
Separation,spatial_crop,0.4,0.7703399658203125,0.568603515625,0.8906017485119048,0.17100694444444445,0.628249458773541,0.6360402589422275,0.546875,0.375
Separation,spatial_crop,0.6,0.69281005859375,0.50439453125,0.7924107142857143,0.2787698412698413,0.37946461693197847,0.3928530803880419,0.1875,0.078125
Separation,spatial_crop,0.8,0.6476898193359375,0.477587890625,0.6925184461805556,0.34375,0.25745211516345107,0.27343028645661027,0.09375,0.0625
Separation,building_add,0.1,0.620819091796875,0.45625000000000004,0.5980243985615079,0.4195188492063492,1.112753954620896,1.1092552110722274,0.0625,0.0625
Separation,building_add,0.2,0.50201416015625,0.384912109375,0.22691514756944445,0.7214781746031746,1.235146569154337,1.2428552629054674,0.03125,0.03125
Separation,building_add,0.4,0.4728546142578125,0.393896484375,0.14157831101190477,0.7977430555555556,1.3529594738454802,1.359155305628676,0.0,0.0
Separation,building_add,0.6,0.4504547119140625,0.37236328125,0.1001557849702381,0.8282490079365079,1.602744880364446,1.6127284781324402,0.0,0.0
Separation,building_add,0.8,0.447662353515625,0.3755859375,0.08716595362103174,0.8432539682539683,1.7384664096254105,1.7416370629509252,0.0,0.0
Separation,id_rename,1.0,1.0,1.0,1.0,0.0,1.0,1.0,1.0,1.0
Separation,object_reorder,1.0,1.0,1.0,1.0,0.0,1.0,1.0,1.0,1.0
Separation,coordinate_unit,0.001,1.0,1.0,1.0,0.0,1.0,1.0,1.0,1.0
Separation,coordinate_unit,1000.0,1.0,1.0,1.0,0.0,1.0,1.0,1.0,1.0
Separation,cityjson_roundtrip,1.0,0.6774139404296875,0.444091796875,0.6712123325892857,0.42125496031746035,2.9233608419256907,0.7519351372353013,0.34375,0.28125
Personalized,object_delete,0.05,0.8794403076171875,0.7259765625,0.9930516803075397,0.015749007936507936,0.9187426570873319,0.9308666451982709,0.953125,0.953125
Personalized,object_delete,0.1,0.82904052734375,0.66435546875,0.9968494233630952,0.03125,0.8292929046268586,0.8503485500148056,0.875,0.859375
Personalized,object_delete,0.2,0.7481842041015625,0.485205078125,0.9385579427083334,0.09325396825396826,0.6451507697493791,0.6779489781015271,0.78125,0.6875
Personalized,object_delete,0.3,0.646484375,0.452587890625,0.8655676463293651,0.16803075396825395,0.4303238855331095,0.4689029969566691,0.40625,0.34375
Personalized,object_delete,0.4,0.61083984375,0.42431640625,0.8403901599702381,0.20399305555555555,0.31933665404631384,0.35295113061950534,0.25,0.21875
Personalized,object_delete,0.5,0.5981292724609375,0.41591796875,0.8306632874503969,0.20399305555555555,0.23832233894271973,0.27007997541883144,0.15625,0.125
Personalized,object_delete,0.6,0.556671142578125,0.415478515625,0.7616993737599206,0.29526289682539686,0.16671210022937505,0.19886243869915815,0.0625,0.03125
Personalized,object_delete,0.7,0.5249176025390625,0.4099609375,0.6583426339285714,0.3607390873015873,0.1068232767304201,0.12729001113146612,0.0,0.0
Personalized,object_delete,0.8,0.4083709716796875,0.0,0.47017996651785715,0.4957837301587301,0.043130154965117365,0.060114025411386475,0.015625,0.0
Personalized,building_delete,0.1,0.86065673828125,0.584619140625,0.9810887896825397,0.04625496031746032,0.8736052582757571,0.8740789744577266,0.875,0.875
Personalized,building_delete,0.2,0.761444091796875,0.490625,0.9425223214285714,0.09325396825396826,0.7384664096254107,0.7416370629509254,0.703125,0.671875
Personalized,building_delete,0.4,0.6899871826171875,0.4828125,0.9190266927083334,0.125,0.6200193376820656,0.6248562708553731,0.5,0.46875
Personalized,building_delete,0.6,0.596588134765625,0.466259765625,0.8212115575396826,0.2547123015873016,0.3715438538002049,0.3866924749646607,0.234375,0.15625
Personalized,building_delete,0.8,0.563507080078125,0.44731445312499996,0.790589347718254,0.251984126984127,0.24020551922458416,0.24990009455644877,0.0625,0.0625
Personalized,surface_delete,0.1,0.8759918212890625,0.713134765625,0.9999922495039683,0.000248015873015873,0.913213684290898,0.9235543232796427,0.96875,0.9375
Personalized,surface_delete,0.2,0.800872802734375,0.6029296875,0.9974810887896826,0.03125,0.820156847567799,0.843683421799713,0.859375,0.828125
Personalized,surface_delete,0.4,0.71527099609375,0.55771484375,0.9647274925595238,0.06324404761904762,0.6394001175014663,0.7053756212499798,0.578125,0.5
Personalized,surface_delete,0.6,0.644500732421875,0.51875,0.9493272569444444,0.09672619047619048,0.4649232145596585,0.5630364854380938,0.3125,0.203125
Personalized,surface_delete,0.8,0.5641937255859375,0.47197265625,0.8192506820436508,0.26525297619047616,0.28416648449332577,0.40911048200871836,0.03125,0.03125
Personalized,attribute_delete,0.1,0.997406005859375,0.993310546875,1.0,0.0,1.0,1.0,1.0,1.0
Personalized,attribute_delete,0.2,0.99481201171875,0.9873046875,1.0,0.0,1.0,1.0,1.0,1.0
Personalized,attribute_delete,0.4,0.9881591796875,0.9755859375,1.0,0.0,1.0,1.0,1.0,1.0
Personalized,attribute_delete,0.6,0.97918701171875,0.9604003906249999,1.0,0.0,1.0,1.0,1.0,1.0
Personalized,attribute_delete,0.8,0.962066650390625,0.92607421875,1.0,0.0,1.0,1.0,1.0,1.0
Personalized,quantization,0.001,0.936767578125,0.87255859375,1.0,0.0,1.0,1.0,1.0,1.0
Personalized,quantization,0.005,0.9288787841796875,0.865380859375,1.0,0.0,1.0,1.0,1.0,1.0
Personalized,quantization,0.01,0.9145660400390625,0.8379394531250001,1.0,0.0,1.0,1.0,1.0,1.0
Personalized,quantization,0.02,0.8915252685546875,0.803515625,1.0,0.0,1.0,1.0,1.0,1.0
Personalized,quantization,0.05,0.8477325439453125,0.7578125,0.9999922495039683,0.000248015873015873,1.0,1.0,0.984375,0.984375
Personalized,rotation_z,30.0,1.0,1.0,1.0,0.0,1.0,1.0,1.0,1.0
Personalized,rotation_z,60.0,1.0,1.0,1.0,0.0,1.0,1.0,1.0,1.0
Personalized,rotation_z,90.0,1.0,1.0,1.0,0.0,1.0,1.0,1.0,1.0
Personalized,rotation_z,120.0,1.0,1.0,1.0,0.0,1.0,1.0,1.0,1.0
Personalized,rotation_z,180.0,1.0,1.0,1.0,0.0,1.0,1.0,1.0,1.0
Personalized,coordinate_noise,0.0001,0.9568634033203125,0.912841796875,1.0,0.0,1.0,1.0,1.0,1.0
Personalized,coordinate_noise,0.0005,0.953277587890625,0.9054199218750001,1.0,0.0,1.0,1.0,1.0,1.0
Personalized,coordinate_noise,0.001,0.946441650390625,0.879931640625,1.0,0.0,1.0,1.0,1.0,1.0
Personalized,coordinate_noise,0.002,0.934051513671875,0.860107421875,1.0,0.0,1.0,1.0,1.0,1.0
Personalized,coordinate_noise,0.005,0.89239501953125,0.792333984375,1.0,0.0,1.0,1.0,1.0,1.0
Personalized,sequential,0.1,0.8354034423828125,0.7166015625,0.9957139756944444,0.033730158730158735,0.8595719370440625,0.8735579788049099,0.953125,0.953125
Personalized,sequential,0.2,0.7525482177734375,0.5771484375,0.9943033854166666,0.04625496031746032,0.6770900790036187,0.7096686429225971,0.671875,0.65625
Personalized,sequential,0.4,0.63592529296875,0.452880859375,0.8729267423115079,0.17100694444444445,0.42604288607190294,0.4688520327609714,0.296875,0.234375
Personalized,sequential,0.6,0.56414794921875,0.438525390625,0.7652219742063492,0.27827380952380953,0.21145181873709806,0.26267904171267153,0.078125,0.078125
Personalized,lod2_to_lod1,1.0,0.508026123046875,0.4283203125,0.5705915178571429,0.4554811507936508,0.10432333206112482,0.3528480015553056,0.0,0.0
Personalized,hierarchy_flatten,0.2,0.833251953125,0.621142578125,0.9988141741071429,0.018229166666666664,0.820156847567799,0.9218417108998564,0.875,0.84375
Personalized,hierarchy_flatten,0.4,0.752410888671875,0.613671875,0.9695172991071429,0.04625496031746032,0.6394001175014663,0.8526878106249899,0.78125,0.703125
Personalized,hierarchy_flatten,0.6,0.6844940185546875,0.530517578125,0.9692150297619048,0.07849702380952381,0.4649232145596585,0.7815182427190469,0.484375,0.390625
Personalized,hierarchy_flatten,0.8,0.59442138671875,0.48828125,0.8916984437003969,0.17100694444444445,0.28416648449332577,0.7045552410043592,0.109375,0.09375
Personalized,hierarchy_flatten,1.0,0.5108642578125,0.42246093749999997,0.5823412698412699,0.4399801587301587,0.10432333206112482,0.6240324313823493,0.0,0.0
Personalized,relation_delete,0.2,0.8447265625,0.74697265625,0.9999844990079365,0.000496031746031746,0.820156847567799,0.9247790880487524,0.984375,0.984375
Personalized,relation_delete,0.4,0.7615966796875,0.6168945312499999,0.9977562313988095,0.018229166666666664,0.6394001175014663,0.8465056205414287,0.8125,0.71875
Personalized,relation_delete,0.6,0.68743896484375,0.55419921875,0.9829489087301587,0.06324404761904762,0.4649232145596585,0.7796473833961342,0.4375,0.359375
Personalized,relation_delete,0.8,0.5955047607421875,0.47548828125000003,0.865691654265873,0.20399305555555555,0.28416648449332577,0.6991408307007169,0.125,0.09375
Personalized,relation_delete,1.0,0.5108642578125,0.42246093749999997,0.5823412698412699,0.4399801587301587,0.10432333206112482,0.6240324313823493,0.0,0.0
Personalized,semantic_relabel,0.1,0.7830657958984375,0.63857421875,0.9982328869047619,0.03125,1.0,1.0,0.84375,0.71875
Personalized,semantic_relabel,0.2,0.72003173828125,0.6080078125,0.9961325024801587,0.03125,1.0,1.0,0.578125,0.515625
Personalized,semantic_relabel,0.4,0.659088134765625,0.5355957031249999,0.9723384796626984,0.07849702380952381,1.0,1.0,0.34375,0.28125
Personalized,semantic_relabel,0.6,0.6215057373046875,0.512646484375,0.9397902715773809,0.12276785714285715,1.0,1.0,0.234375,0.171875
Personalized,semantic_relabel,0.8,0.596832275390625,0.494287109375,0.8849361359126984,0.1997767857142857,1.0,1.0,0.21875,0.15625
Personalized,spatial_crop,0.1,0.857421875,0.6501953125000001,0.9827473958333334,0.03125,0.8662131104953742,0.8760291053938052,0.890625,0.875
Personalized,spatial_crop,0.2,0.7671661376953125,0.520849609375,0.9776165674603174,0.07849702380952381,0.7483020882274379,0.7562618214454362,0.71875,0.671875
Personalized,spatial_crop,0.4,0.6953125,0.502294921875,0.9432004898313492,0.1419890873015873,0.628249458773541,0.6360402589422275,0.546875,0.421875
Personalized,spatial_crop,0.6,0.6139068603515625,0.454541015625,0.8618319072420635,0.18874007936507936,0.37946461693197847,0.3928530803880419,0.21875,0.125
Personalized,spatial_crop,0.8,0.5782470703125,0.43339843749999996,0.7833620101686508,0.26525297619047616,0.25745211516345107,0.27343028645661027,0.125,0.0625
Personalized,building_add,0.1,0.6007537841796875,0.468212890625,0.8120814732142857,0.27046130952380953,1.112753954620896,1.1092552110722274,0.1875,0.140625
Personalized,building_add,0.2,0.5313873291015625,0.43583984375,0.648193359375,0.3919890873015873,1.235146569154337,1.2428552629054674,0.0625,0.03125
Personalized,building_add,0.4,0.5150146484375,0.41787109375000003,0.5823025173611112,0.4554811507936508,1.3529594738454802,1.359155305628676,0.03125,0.015625
Personalized,building_add,0.6,0.5028533935546875,0.43017578125,0.5296805245535714,0.4554811507936508,1.602744880364446,1.6127284781324402,0.0,0.0
Personalized,building_add,0.8,0.50372314453125,0.4296875,0.5361250620039683,0.4321676587301587,1.7384664096254105,1.7416370629509252,0.0,0.0
Personalized,id_rename,1.0,1.0,1.0,1.0,0.0,1.0,1.0,1.0,1.0
Personalized,object_reorder,1.0,1.0,1.0,1.0,0.0,1.0,1.0,1.0,1.0
Personalized,coordinate_unit,0.001,1.0,1.0,1.0,0.0,1.0,1.0,1.0,1.0
Personalized,coordinate_unit,1000.0,1.0,1.0,1.0,0.0,1.0,1.0,1.0,1.0
Personalized,cityjson_roundtrip,1.0,0.6334686279296875,0.4451171875,0.7794983878968254,0.26525297619047616,2.9233608419256907,0.7519351372353013,0.421875,0.359375
DeepSets/no-edge,object_delete,0.05,0.9419403076171875,0.80810546875,0.9959929935515873,0.04402281746031746,0.9187426570873319,0.9308666451982709,0.9375,0.9375
DeepSets/no-edge,object_delete,0.1,0.9052886962890625,0.723779296875,0.9896298363095238,0.06498015873015872,0.8292929046268586,0.8503485500148056,0.828125,0.828125
DeepSets/no-edge,object_delete,0.2,0.835723876953125,0.6123046875000001,0.9435918898809523,0.09325396825396826,0.6451507697493791,0.6779489781015271,0.640625,0.640625
DeepSets/no-edge,object_delete,0.3,0.74468994140625,0.5240234375,0.8580341641865079,0.2152777777777778,0.4303238855331095,0.4689029969566691,0.1875,0.1875
DeepSets/no-edge,object_delete,0.4,0.71051025390625,0.513671875,0.8010331411210317,0.2785218253968254,0.31933665404631384,0.35295113061950534,0.125,0.109375
DeepSets/no-edge,object_delete,0.5,0.6782989501953125,0.497119140625,0.7451714409722222,0.29873511904761907,0.23832233894271973,0.27007997541883144,0.0625,0.046875
DeepSets/no-edge,object_delete,0.6,0.632354736328125,0.4693359375,0.6449652777777778,0.37648809523809523,0.16671210022937505,0.19886243869915815,0.03125,0.03125
DeepSets/no-edge,object_delete,0.7,0.59442138671875,0.4306640625,0.5282738095238095,0.48474702380952384,0.1068232767304201,0.12729001113146612,0.0,0.0
DeepSets/no-edge,object_delete,0.8,0.449737548828125,0.0,0.3468850756448413,0.5784970238095238,0.043130154965117365,0.060114025411386475,0.0,0.0
DeepSets/no-edge,building_delete,0.1,0.9057159423828125,0.6460937499999999,0.9649561321924603,0.07874503968253968,0.8736052582757571,0.8740789744577266,0.875,0.875
DeepSets/no-edge,building_delete,0.2,0.84136962890625,0.62529296875,0.9443398127480159,0.1402529761904762,0.7384664096254107,0.7416370629509254,0.65625,0.65625
DeepSets/no-edge,building_delete,0.4,0.7865447998046875,0.5712890625,0.9077574714781746,0.18774801587301587,0.6200193376820656,0.6248562708553731,0.4375,0.40625
DeepSets/no-edge,building_delete,0.6,0.68450927734375,0.4931640625,0.7367117745535714,0.32849702380952384,0.3715438538002049,0.3866924749646607,0.0625,0.046875
DeepSets/no-edge,building_delete,0.8,0.6225433349609375,0.473388671875,0.6052284846230159,0.42224702380952384,0.24020551922458416,0.24990009455644877,0.0,0.0
DeepSets/no-edge,surface_delete,0.1,0.9460906982421875,0.8798828125,0.9996124751984127,0.015500992063492064,0.913213684290898,0.9235543232796427,0.953125,0.953125
DeepSets/no-edge,surface_delete,0.2,0.914093017578125,0.81982421875,0.9984537760416666,0.028521825396825396,0.820156847567799,0.843683421799713,0.921875,0.90625
DeepSets/no-edge,surface_delete,0.4,0.8438262939453125,0.671240234375,0.9754735553075397,0.07874503968253968,0.6394001175014663,0.7053756212499798,0.640625,0.640625
DeepSets/no-edge,surface_delete,0.6,0.776641845703125,0.614404296875,0.9286605592757936,0.1402529761904762,0.4649232145596585,0.5630364854380938,0.296875,0.296875
DeepSets/no-edge,surface_delete,0.8,0.686920166015625,0.494189453125,0.7871287512400794,0.27628968253968256,0.28416648449332577,0.40911048200871836,0.03125,0.03125
DeepSets/no-edge,attribute_delete,0.1,0.9973297119140625,0.9931640625,1.0,0.0,1.0,1.0,1.0,1.0
DeepSets/no-edge,attribute_delete,0.2,0.994781494140625,0.990234375,1.0,0.0,1.0,1.0,1.0,1.0
DeepSets/no-edge,attribute_delete,0.4,0.9889678955078125,0.980908203125,1.0,0.0,1.0,1.0,1.0,1.0
DeepSets/no-edge,attribute_delete,0.6,0.9809722900390625,0.96875,1.0,0.0,1.0,1.0,1.0,1.0
DeepSets/no-edge,attribute_delete,0.8,0.9668731689453125,0.9483886718750001,1.0,0.0,1.0,1.0,1.0,1.0
DeepSets/no-edge,quantization,0.001,0.97589111328125,0.9583007812500001,1.0,0.0,1.0,1.0,1.0,1.0
DeepSets/no-edge,quantization,0.005,0.975860595703125,0.9609375,1.0,0.0,1.0,1.0,1.0,1.0
DeepSets/no-edge,quantization,0.01,0.9730072021484375,0.9542480468750001,1.0,0.0,1.0,1.0,1.0,1.0
DeepSets/no-edge,quantization,0.02,0.965301513671875,0.9408691406249999,1.0,0.0,1.0,1.0,1.0,1.0
DeepSets/no-edge,quantization,0.05,0.9384918212890625,0.895703125,0.9999922495039683,0.000248015873015873,1.0,1.0,1.0,1.0
DeepSets/no-edge,rotation_z,30.0,1.0,1.0,1.0,0.0,1.0,1.0,1.0,1.0
DeepSets/no-edge,rotation_z,60.0,1.0,1.0,1.0,0.0,1.0,1.0,1.0,1.0
DeepSets/no-edge,rotation_z,90.0,1.0,1.0,1.0,0.0,1.0,1.0,1.0,1.0
DeepSets/no-edge,rotation_z,120.0,1.0,1.0,1.0,0.0,1.0,1.0,1.0,1.0
DeepSets/no-edge,rotation_z,180.0,1.0,1.0,1.0,0.0,1.0,1.0,1.0,1.0
DeepSets/no-edge,coordinate_noise,0.0001,0.9742279052734375,0.9502441406250001,1.0,0.0,1.0,1.0,1.0,1.0
DeepSets/no-edge,coordinate_noise,0.0005,0.97283935546875,0.9483886718750001,1.0,0.0,1.0,1.0,1.0,1.0
DeepSets/no-edge,coordinate_noise,0.001,0.9705963134765625,0.9444824218750001,1.0,0.0,1.0,1.0,1.0,1.0
DeepSets/no-edge,coordinate_noise,0.002,0.9656524658203125,0.9348632812500001,1.0,0.0,1.0,1.0,1.0,1.0
DeepSets/no-edge,coordinate_noise,0.005,0.9456329345703125,0.8972656250000001,0.999968998015873,0.000496031746031746,1.0,1.0,1.0,1.0
DeepSets/no-edge,sequential,0.1,0.9114837646484375,0.777685546875,0.9955667162698413,0.03149801587301587,0.8595719370440625,0.8735579788049099,0.90625,0.90625
DeepSets/no-edge,sequential,0.2,0.839874267578125,0.7015136718749999,0.9626619853670635,0.0910218253968254,0.6770900790036187,0.7096686429225971,0.625,0.59375
DeepSets/no-edge,sequential,0.4,0.7542724609375,0.5599609375,0.8873620411706349,0.1722470238095238,0.42604288607190294,0.4688520327609714,0.234375,0.203125
DeepSets/no-edge,sequential,0.6,0.6448822021484375,0.47211914062500004,0.6554943266369048,0.39099702380952384,0.21145181873709806,0.26267904171267153,0.015625,0.015625
DeepSets/no-edge,lod2_to_lod1,1.0,0.5348968505859375,0.40625,0.3378324962797619,0.6090029761904762,0.10432333206112482,0.3528480015553056,0.0,0.0
DeepSets/no-edge,hierarchy_flatten,0.2,0.9363250732421875,0.827587890625,0.9995814732142857,0.012524801587301588,0.820156847567799,0.9218417108998564,0.921875,0.921875
DeepSets/no-edge,hierarchy_flatten,0.4,0.8822021484375,0.77861328125,0.98876953125,0.046999007936507936,0.6394001175014663,0.8526878106249899,0.828125,0.828125
DeepSets/no-edge,hierarchy_flatten,0.6,0.8222503662109375,0.685498046875,0.9688081287202381,0.09325396825396826,0.4649232145596585,0.7815182427190469,0.53125,0.53125
DeepSets/no-edge,hierarchy_flatten,0.8,0.74627685546875,0.6234863281249999,0.9018089657738095,0.15600198412698413,0.28416648449332577,0.7045552410043592,0.078125,0.078125
DeepSets/no-edge,hierarchy_flatten,1.0,0.555267333984375,0.40629882812499996,0.40869528149801587,0.5541914682539683,0.10432333206112482,0.6240324313823493,0.0,0.0
DeepSets/no-edge,relation_delete,0.2,0.9385986328125,0.84970703125,0.9963146391369048,0.015500992063492064,0.820156847567799,0.9247790880487524,0.953125,0.953125
DeepSets/no-edge,relation_delete,0.4,0.888519287109375,0.76298828125,0.9917999751984127,0.046999007936507936,0.6394001175014663,0.8465056205414287,0.859375,0.84375
DeepSets/no-edge,relation_delete,0.6,0.8311920166015625,0.6513671875,0.9678083147321429,0.07874503968253968,0.4649232145596585,0.7796473833961342,0.578125,0.546875
DeepSets/no-edge,relation_delete,0.8,0.73492431640625,0.538427734375,0.8612583705357143,0.18998015873015872,0.28416648449332577,0.6991408307007169,0.15625,0.15625
DeepSets/no-edge,relation_delete,1.0,0.555267333984375,0.40629882812499996,0.40869528149801587,0.5541914682539683,0.10432333206112482,0.6240324313823493,0.0,0.0
DeepSets/no-edge,semantic_relabel,0.1,0.765289306640625,0.5990722656249999,0.8841339595734127,0.21899801587301587,1.0,1.0,0.296875,0.296875
DeepSets/no-edge,semantic_relabel,0.2,0.7160797119140625,0.5459472656250001,0.7987312437996031,0.3117559523809524,1.0,1.0,0.21875,0.21875
DeepSets/no-edge,semantic_relabel,0.4,0.6690216064453125,0.499853515625,0.6769050719246031,0.4182787698412699,1.0,1.0,0.1875,0.1875
DeepSets/no-edge,semantic_relabel,0.6,0.642486572265625,0.48154296875,0.5949048239087301,0.48623511904761907,1.0,1.0,0.171875,0.171875
DeepSets/no-edge,semantic_relabel,0.8,0.6222686767578125,0.45224609375,0.548095703125,0.5172371031746033,1.0,1.0,0.078125,0.078125
DeepSets/no-edge,spatial_crop,0.1,0.899505615234375,0.71640625,0.9791550409226191,0.07601686507936509,0.8662131104953742,0.8760291053938052,0.875,0.875
DeepSets/no-edge,spatial_crop,0.2,0.8382568359375,0.6576660156249999,0.9529002356150794,0.12202380952380952,0.7483020882274379,0.7562618214454362,0.640625,0.640625
DeepSets/no-edge,spatial_crop,0.4,0.770294189453125,0.553173828125,0.8828280009920635,0.2017609126984127,0.628249458773541,0.6360402589422275,0.375,0.359375
DeepSets/no-edge,spatial_crop,0.6,0.686370849609375,0.509423828125,0.7528056795634921,0.32068452380952384,0.37946461693197847,0.3928530803880419,0.078125,0.0625
DeepSets/no-edge,spatial_crop,0.8,0.6452484130859375,0.5037109375,0.6618768601190477,0.4079861111111111,0.25745211516345107,0.27343028645661027,0.0,0.0
DeepSets/no-edge,building_add,0.1,0.645477294921875,0.519384765625,0.6661473834325397,0.37351190476190477,1.112753954620896,1.1092552110722274,0.0625,0.0625
DeepSets/no-edge,building_add,0.2,0.535430908203125,0.4412109375,0.3130890376984127,0.6395089285714286,1.235146569154337,1.2428552629054674,0.015625,0.015625
DeepSets/no-edge,building_add,0.4,0.5072479248046875,0.42236328125,0.22366381448412698,0.71875,1.3529594738454802,1.359155305628676,0.015625,0.015625
DeepSets/no-edge,building_add,0.6,0.4954833984375,0.434716796875,0.18275282118055555,0.7514880952380952,1.602744880364446,1.6127284781324402,0.0,0.0
DeepSets/no-edge,building_add,0.8,0.493438720703125,0.42109375,0.1786566840277778,0.7647569444444444,1.7384664096254105,1.7416370629509252,0.0,0.0
DeepSets/no-edge,id_rename,1.0,1.0,1.0,1.0,0.0,1.0,1.0,1.0,1.0
DeepSets/no-edge,object_reorder,1.0,1.0,1.0,1.0,0.0,1.0,1.0,1.0,1.0
DeepSets/no-edge,coordinate_unit,0.001,1.0,1.0,1.0,0.0,1.0,1.0,1.0,1.0
DeepSets/no-edge,coordinate_unit,1000.0,1.0,1.0,1.0,0.0,1.0,1.0,1.0,1.0
DeepSets/no-edge,cityjson_roundtrip,1.0,0.700958251953125,0.5259765625,0.7652374751984127,0.32626488095238093,2.9233608419256907,0.7519351372353013,0.171875,0.15625
