method,attack,intensity,mean_nc,self_check
PC-Reversible26,rotation,30,0.5141450059059227,fail
PC-Reversible26,rotation,60,0.5403473519935528,fail
PC-Reversible26,rotation,90,0.5372092632156599,fail
PC-Reversible26,rotation,120,0.509790704404966,fail
PC-Reversible26,rotation,180,0.5374297884054107,fail
Nan25-Curvature,rotation,30,0.5605494603603461,pass
Nan25-Curvature,rotation,60,0.5627520114047314,pass
Nan25-Curvature,rotation,90,0.5647754918700896,pass
Nan25-Curvature,rotation,120,0.5770509439848402,pass
Nan25-Curvature,rotation,180,0.5418132649458187,pass
Nan25-ZW,rotation,30,0.6673177083333334,pass
Nan25-ZW,rotation,60,0.6477864583333334,pass
Nan25-ZW,rotation,90,0.6920572916666666,pass
Nan25-ZW,rotation,120,0.640625,pass
Nan25-ZW,rotation,180,0.6653645833333334,pass
Jiao23-Dual,rotation,30,0.48415892213140527,fail
Jiao23-Dual,rotation,60,0.4942144504947981,fail
Jiao23-Dual,rotation,90,0.5014230514513183,fail
Jiao23-Dual,rotation,120,0.506444812550611,fail
Jiao23-Dual,rotation,180,0.48340244927202053,fail
Qiu19-RI,rotation,30,0.4906491182821573,pass
Qiu19-RI,rotation,60,0.5331925787591619,pass
Qiu19-RI,rotation,90,0.5051097027632909,pass
Qiu19-RI,rotation,120,0.5014907014460986,pass
Qiu19-RI,rotation,180,0.5235104089100611,pass
Ours,rotation,30,0.8598225712776184,pass
Ours,rotation,60,0.8224284052848816,pass
Ours,rotation,90,0.8494059443473816,pass
Ours,rotation,120,0.8392741084098816,pass
Ours,rotation,180,0.79638671875,pass
PC-Reversible26,scale,0.5,0.650643323907262,fail
PC-Reversible26,scale,0.7,0.6588971180107782,fail
PC-Reversible26,scale,1.5,0.6552595514687265,fail
PC-Reversible26,scale,2.0,0.650643323907262,fail
Nan25-Curvature,scale,0.5,0.6665727404281062,pass
Nan25-Curvature,scale,0.7,0.6690372026008191,pass
Nan25-Curvature,scale,1.5,0.6716624088242261,pass
Nan25-Curvature,scale,2.0,0.6665727404281062,pass
Nan25-ZW,scale,0.5,0.6822916666666666,pass
Nan25-ZW,scale,0.7,0.65234375,pass
Nan25-ZW,scale,1.5,0.6673177083333334,pass
Nan25-ZW,scale,2.0,0.6822916666666666,pass
Jiao23-Dual,scale,0.5,0.49282535490802576,fail
Jiao23-Dual,scale,0.7,0.49282535490802576,fail
Jiao23-Dual,scale,1.5,0.49282535490802576,fail
Jiao23-Dual,scale,2.0,0.49282535490802576,fail
Qiu19-RI,scale,0.5,0.514182529729823,pass
Qiu19-RI,scale,0.7,0.514182529729823,pass
Qiu19-RI,scale,1.5,0.514182529729823,pass
Qiu19-RI,scale,2.0,0.514182529729823,pass
Ours,scale,0.5,0.8866780400276184,pass
Ours,scale,0.7,0.8866780400276184,pass
Ours,scale,1.5,0.8866780400276184,pass
Ours,scale,2.0,0.8866780400276184,pass
PC-Reversible26,noise,0.001,0.5253922153064022,fail
PC-Reversible26,noise,0.003,0.49236780261735325,fail
PC-Reversible26,noise,0.005,0.5002645583799546,fail
PC-Reversible26,noise,0.01,0.49790591359206365,fail
PC-Reversible26,noise,0.02,0.49304281420483725,fail
Nan25-Curvature,noise,0.001,0.5579030732853355,pass
Nan25-Curvature,noise,0.003,0.49096784366266816,pass
Nan25-Curvature,noise,0.005,0.5016447367639285,pass
Nan25-Curvature,noise,0.01,0.4887981179281636,pass
Nan25-Curvature,noise,0.02,0.4954193907749649,pass
Nan25-ZW,noise,0.001,0.6354166666666666,pass
Nan25-ZW,noise,0.003,0.5970052083333334,pass
Nan25-ZW,noise,0.005,0.5865885416666666,pass
Nan25-ZW,noise,0.01,0.576171875,pass
Nan25-ZW,noise,0.02,0.5677083333333334,pass
Jiao23-Dual,noise,0.001,0.5142542513755718,fail
Jiao23-Dual,noise,0.003,0.4987914946779119,fail
Jiao23-Dual,noise,0.005,0.5166924113496458,fail
Jiao23-Dual,noise,0.01,0.49923261441501965,fail
Jiao23-Dual,noise,0.02,0.5097784821726484,fail
Qiu19-RI,noise,0.001,0.5067768999676243,pass
Qiu19-RI,noise,0.003,0.5053882417302744,pass
Qiu19-RI,noise,0.005,0.5098554507566685,pass
Qiu19-RI,noise,0.01,0.5088073165594649,pass
Qiu19-RI,noise,0.02,0.4970627043164761,pass
Ours,noise,0.001,0.8888346552848816,pass
Ours,noise,0.003,0.8922119140625,pass
Ours,noise,0.005,0.8907877802848816,pass
Ours,noise,0.01,0.8896484375,pass
Ours,noise,0.02,0.8670247197151184,pass
PC-Reversible26,quantization,0.001,0.6116540907601524,fail
PC-Reversible26,quantization,0.003,0.5381189514898682,fail
PC-Reversible26,quantization,0.005,0.5214852845139549,fail
PC-Reversible26,quantization,0.01,0.4904010420983867,fail
PC-Reversible26,quantization,0.02,0.5343226110560138,fail
Nan25-Curvature,quantization,0.001,0.6592462997530671,pass
Nan25-Curvature,quantization,0.003,0.6112948224964853,pass
Nan25-Curvature,quantization,0.005,0.5334054774651634,pass
Nan25-Curvature,quantization,0.01,0.4922999788487347,pass
Nan25-Curvature,quantization,0.02,0.4974612402749045,pass
Nan25-ZW,quantization,0.001,0.6458333333333334,pass
Nan25-ZW,quantization,0.003,0.650390625,pass
Nan25-ZW,quantization,0.005,0.6705729166666666,pass
Nan25-ZW,quantization,0.01,0.5872395833333334,pass
Nan25-ZW,quantization,0.02,0.583984375,pass
Jiao23-Dual,quantization,0.001,0.5109046599804908,fail
Jiao23-Dual,quantization,0.003,0.5019728478291502,fail
Jiao23-Dual,quantization,0.005,0.5095335680463248,fail
Jiao23-Dual,quantization,0.01,0.4920330226275462,fail
Jiao23-Dual,quantization,0.02,0.5046019666326927,fail
Qiu19-RI,quantization,0.001,0.5138024394588651,pass
Qiu19-RI,quantization,0.003,0.5023201533984091,pass
Qiu19-RI,quantization,0.005,0.5008110016084187,pass
Qiu19-RI,quantization,0.01,0.5225887155403004,pass
Qiu19-RI,quantization,0.02,0.48496450327667423,pass
Ours,quantization,0.001,0.8867594599723816,pass
Ours,quantization,0.003,0.8857421875,pass
Ours,quantization,0.005,0.8922526240348816,pass
Ours,quantization,0.01,0.8826090693473816,pass
Ours,quantization,0.02,0.8964030146598816,pass
PC-Reversible26,point_delete,0.1,0.49123140501907897,fail
PC-Reversible26,point_delete,0.2,0.49102288189217175,fail
PC-Reversible26,point_delete,0.4,0.49253144268570265,fail
PC-Reversible26,point_delete,0.6,0.4926050886757265,fail
PC-Reversible26,point_delete,0.8,0.4842552949887969,fail
Nan25-Curvature,point_delete,0.1,0.5161343060806899,pass
Nan25-Curvature,point_delete,0.2,0.5098909539680788,pass
Nan25-Curvature,point_delete,0.4,0.519664900110087,pass
Nan25-Curvature,point_delete,0.6,0.5164062118402334,pass
Nan25-Curvature,point_delete,0.8,0.5220924810255284,pass
Nan25-ZW,point_delete,0.1,0.6321614583333334,pass
Nan25-ZW,point_delete,0.2,0.6178385416666666,pass
Nan25-ZW,point_delete,0.4,0.6315104166666666,pass
Nan25-ZW,point_delete,0.6,0.62890625,pass
Nan25-ZW,point_delete,0.8,0.62109375,pass
Jiao23-Dual,point_delete,0.1,0.486615382473389,fail
Jiao23-Dual,point_delete,0.2,0.4840991053211356,fail
Jiao23-Dual,point_delete,0.4,0.5179315097588812,fail
Jiao23-Dual,point_delete,0.6,0.4746372393401728,fail
Jiao23-Dual,point_delete,0.8,0.5089192276009843,fail
Qiu19-RI,point_delete,0.1,0.4812421365294954,pass
Qiu19-RI,point_delete,0.2,0.516026243044732,pass
Qiu19-RI,point_delete,0.4,0.5008518568352914,pass
Qiu19-RI,point_delete,0.6,0.4814559601764765,pass
Qiu19-RI,point_delete,0.8,0.5205413816140151,pass
Ours,point_delete,0.1,0.8694254755973816,pass
Ours,point_delete,0.2,0.8794352412223816,pass
Ours,point_delete,0.4,0.8275553584098816,pass
Ours,point_delete,0.6,0.7897135615348816,pass
Ours,point_delete,0.8,0.754638671875,pass
PC-Reversible26,crop,0.1,0.4844308641726278,fail
PC-Reversible26,crop,0.2,0.4665782140055525,fail
PC-Reversible26,crop,0.4,0.49641067081708395,fail
PC-Reversible26,crop,0.6,0.5196972092733578,fail
PC-Reversible26,crop,0.8,0.5005311639516307,fail
Nan25-Curvature,crop,0.1,0.5115737266137623,pass
Nan25-Curvature,crop,0.2,0.4829049633870926,pass
Nan25-Curvature,crop,0.4,0.48398606987042264,pass
Nan25-Curvature,crop,0.6,0.524286475028151,pass
Nan25-Curvature,crop,0.8,0.49851402347097,pass
Nan25-ZW,crop,0.1,0.6100260416666666,pass
Nan25-ZW,crop,0.2,0.6139322916666666,pass
Nan25-ZW,crop,0.4,0.6158854166666666,pass
Nan25-ZW,crop,0.6,0.6002604166666666,pass
Nan25-ZW,crop,0.8,0.5735677083333334,pass
Jiao23-Dual,crop,0.1,0.48349791991613156,fail
Jiao23-Dual,crop,0.2,0.4922197997452041,fail
Jiao23-Dual,crop,0.4,0.5367133164223361,fail
Jiao23-Dual,crop,0.6,0.481600185193608,fail
Jiao23-Dual,crop,0.8,0.5403664728967063,fail
Qiu19-RI,crop,0.1,0.4914451234795356,pass
Qiu19-RI,crop,0.2,0.5229258956216676,pass
Qiu19-RI,crop,0.4,0.5088904736185539,pass
Qiu19-RI,crop,0.6,0.49527100469795854,pass
Qiu19-RI,crop,0.8,0.49901431757912523,pass
Ours,crop,0.1,0.7899169921875,pass
Ours,crop,0.2,0.7932942509651184,pass
Ours,crop,0.4,0.7613118290901184,pass
Ours,crop,0.6,0.6947428584098816,pass
Ours,crop,0.8,0.6580403447151184,pass
PC-Reversible26,simplify,0.1,0.49123140501907897,fail
PC-Reversible26,simplify,0.2,0.49102288189217175,fail
PC-Reversible26,simplify,0.4,0.49253144268570265,fail
PC-Reversible26,simplify,0.6,0.4926050886757265,fail
PC-Reversible26,simplify,0.8,0.4842552949887969,fail
Nan25-Curvature,simplify,0.1,0.5161343060806899,pass
Nan25-Curvature,simplify,0.2,0.5098909539680788,pass
Nan25-Curvature,simplify,0.4,0.519664900110087,pass
Nan25-Curvature,simplify,0.6,0.5164062118402334,pass
Nan25-Curvature,simplify,0.8,0.5220924810255284,pass
Nan25-ZW,simplify,0.1,0.6321614583333334,pass
Nan25-ZW,simplify,0.2,0.6178385416666666,pass
Nan25-ZW,simplify,0.4,0.6315104166666666,pass
Nan25-ZW,simplify,0.6,0.62890625,pass
Nan25-ZW,simplify,0.8,0.62109375,pass
Jiao23-Dual,simplify,0.1,0.486615382473389,fail
Jiao23-Dual,simplify,0.2,0.4840991053211356,fail
Jiao23-Dual,simplify,0.4,0.5179315097588812,fail
Jiao23-Dual,simplify,0.6,0.4746372393401728,fail
Jiao23-Dual,simplify,0.8,0.5089192276009843,fail
Qiu19-RI,simplify,0.1,0.4812421365294954,pass
Qiu19-RI,simplify,0.2,0.516026243044732,pass
Qiu19-RI,simplify,0.4,0.5008518568352914,pass
Qiu19-RI,simplify,0.6,0.4814559601764765,pass
Qiu19-RI,simplify,0.8,0.5205413816140151,pass
Ours,simplify,0.1,0.8694254755973816,pass
Ours,simplify,0.2,0.8794352412223816,pass
Ours,simplify,0.4,0.8275553584098816,pass
Ours,simplify,0.6,0.7897135615348816,pass
Ours,simplify,0.8,0.754638671875,pass
PC-Reversible26,outliers,0.01,0.5544951387981619,fail
PC-Reversible26,outliers,0.03,0.5100032322729671,fail
PC-Reversible26,outliers,0.05,0.5045922935173283,fail
PC-Reversible26,outliers,0.1,0.5186940631147609,fail
PC-Reversible26,outliers,0.2,0.5032194572056712,fail
Nan25-Curvature,outliers,0.01,0.6409846415057244,pass
Nan25-Curvature,outliers,0.03,0.5399665977888897,pass
Nan25-Curvature,outliers,0.05,0.515312884363245,pass
Nan25-Curvature,outliers,0.1,0.5147992824197661,pass
Nan25-Curvature,outliers,0.2,0.4784181191073625,pass
Nan25-ZW,outliers,0.01,0.6920572916666666,pass
Nan25-ZW,outliers,0.03,0.6901041666666666,pass
Nan25-ZW,outliers,0.05,0.685546875,pass
Nan25-ZW,outliers,0.1,0.69921875,pass
Nan25-ZW,outliers,0.2,0.6770833333333334,pass
Jiao23-Dual,outliers,0.01,0.4918736730615378,fail
Jiao23-Dual,outliers,0.03,0.5074163605853778,fail
Jiao23-Dual,outliers,0.05,0.5081811024716697,fail
Jiao23-Dual,outliers,0.1,0.49811944315664375,fail
Jiao23-Dual,outliers,0.2,0.5308699756784434,fail
Qiu19-RI,outliers,0.01,0.5045201214160105,pass
Qiu19-RI,outliers,0.03,0.48634131004097797,pass
Qiu19-RI,outliers,0.05,0.5161535114170722,pass
Qiu19-RI,outliers,0.1,0.5045274072324174,pass
Qiu19-RI,outliers,0.2,0.5063599644147717,pass
Ours,outliers,0.01,0.6483561396598816,pass
Ours,outliers,0.03,0.6460774540901184,pass
Ours,outliers,0.05,0.6608479619026184,pass
Ours,outliers,0.1,0.7502034306526184,pass
Ours,outliers,0.2,0.6628825068473816,pass
PC-Reversible26,sequential,0.1,0.4803226445020234,fail
PC-Reversible26,sequential,0.2,0.5150375416803695,fail
PC-Reversible26,sequential,0.4,0.4859504008445394,fail
PC-Reversible26,sequential,0.6,0.48933392682857263,fail
PC-Reversible26,sequential,0.8,0.48135706822057506,fail
Nan25-Curvature,sequential,0.1,0.5013222870205126,pass
Nan25-Curvature,sequential,0.2,0.4777245603480154,pass
Nan25-Curvature,sequential,0.4,0.4912100791659837,pass
Nan25-Curvature,sequential,0.6,0.5033128516739134,pass
Nan25-Curvature,sequential,0.8,0.5172487964585711,pass
Nan25-ZW,sequential,0.1,0.5950520833333334,pass
Nan25-ZW,sequential,0.2,0.5865885416666666,pass
Nan25-ZW,sequential,0.4,0.6171875,pass
Nan25-ZW,sequential,0.6,0.6067708333333334,pass
Nan25-ZW,sequential,0.8,0.578125,pass
Jiao23-Dual,sequential,0.1,0.48859815618325153,fail
Jiao23-Dual,sequential,0.2,0.4746079708007398,fail
Jiao23-Dual,sequential,0.4,0.4939977472860755,fail
Jiao23-Dual,sequential,0.6,0.5022779656185309,fail
Jiao23-Dual,sequential,0.8,0.5081964401694573,fail
Qiu19-RI,sequential,0.1,0.48833437177322575,pass
Qiu19-RI,sequential,0.2,0.5031642438612024,pass
Qiu19-RI,sequential,0.4,0.5169048730482065,pass
Qiu19-RI,sequential,0.6,0.5205004183994407,pass
Qiu19-RI,sequential,0.8,0.5005649352896577,pass
Ours,sequential,0.1,0.8497721552848816,pass
Ours,sequential,0.2,0.861083984375,pass
Ours,sequential,0.4,0.8245849609375,pass
Ours,sequential,0.6,0.8120930790901184,pass
Ours,sequential,0.8,0.7289225459098816,pass
